PRAGMA foreign_keys=OFF;
BEGIN TRANSACTION;
CREATE TABLE IF NOT EXISTS "django_migrations" ("id" integer NOT NULL PRIMARY KEY AUTOINCREMENT, "app" varchar(255) NOT NULL, "name" varchar(255) NOT NULL, "applied" datetime NOT NULL);
INSERT INTO django_migrations VALUES(1,'contenttypes','0001_initial','2023-12-12 23:53:05.309868');
INSERT INTO django_migrations VALUES(2,'auth','0001_initial','2023-12-12 23:53:05.315533');
INSERT INTO django_migrations VALUES(3,'admin','0001_initial','2023-12-12 23:53:05.318613');
INSERT INTO django_migrations VALUES(4,'admin','0002_logentry_remove_auto_add','2023-12-12 23:53:05.322502');
INSERT INTO django_migrations VALUES(5,'admin','0003_logentry_add_action_flag_choices','2023-12-12 23:53:05.324820');
INSERT INTO django_migrations VALUES(6,'contenttypes','0002_remove_content_type_name','2023-12-12 23:53:05.330409');
INSERT INTO django_migrations VALUES(7,'auth','0002_alter_permission_name_max_length','2023-12-12 23:53:05.334757');
INSERT INTO django_migrations VALUES(8,'auth','0003_alter_user_email_max_length','2023-12-12 23:53:05.338167');
INSERT INTO django_migrations VALUES(9,'auth','0004_alter_user_username_opts','2023-12-12 23:53:05.341259');
INSERT INTO django_migrations VALUES(10,'auth','0005_alter_user_last_login_null','2023-12-12 23:53:05.345484');
INSERT INTO django_migrations VALUES(11,'auth','0006_require_contenttypes_0002','2023-12-12 23:53:05.346361');
INSERT INTO django_migrations VALUES(12,'auth','0007_alter_validators_add_error_messages','2023-12-12 23:53:05.348824');
INSERT INTO django_migrations VALUES(13,'auth','0008_alter_user_username_max_length','2023-12-12 23:53:05.353530');
INSERT INTO django_migrations VALUES(14,'auth','0009_alter_user_last_name_max_length','2023-12-12 23:53:05.358656');
INSERT INTO django_migrations VALUES(15,'auth','0010_alter_group_name_max_length','2023-12-12 23:53:05.363504');
INSERT INTO django_migrations VALUES(16,'auth','0011_update_proxy_permissions','2023-12-12 23:53:05.365622');
INSERT INTO django_migrations VALUES(17,'auth','0012_alter_user_first_name_max_length','2023-12-12 23:53:05.371119');
INSERT INTO django_migrations VALUES(18,'sessions','0001_initial','2023-12-12 23:53:05.372894');
INSERT INTO django_migrations VALUES(19,'api','0001_initial','2023-12-12 23:58:21.109600');
CREATE TABLE IF NOT EXISTS "auth_group_permissions" ("id" integer NOT NULL PRIMARY KEY AUTOINCREMENT, "group_id" integer NOT NULL REFERENCES "auth_group" ("id") DEFERRABLE INITIALLY DEFERRED, "permission_id" integer NOT NULL REFERENCES "auth_permission" ("id") DEFERRABLE INITIALLY DEFERRED);
CREATE TABLE IF NOT EXISTS "auth_user_groups" ("id" integer NOT NULL PRIMARY KEY AUTOINCREMENT, "user_id" integer NOT NULL REFERENCES "auth_user" ("id") DEFERRABLE INITIALLY DEFERRED, "group_id" integer NOT NULL REFERENCES "auth_group" ("id") DEFERRABLE INITIALLY DEFERRED);
CREATE TABLE IF NOT EXISTS "auth_user_user_permissions" ("id" integer NOT NULL PRIMARY KEY AUTOINCREMENT, "user_id" integer NOT NULL REFERENCES "auth_user" ("id") DEFERRABLE INITIALLY DEFERRED, "permission_id" integer NOT NULL REFERENCES "auth_permission" ("id") DEFERRABLE INITIALLY DEFERRED);
CREATE TABLE IF NOT EXISTS "django_admin_log" ("id" integer NOT NULL PRIMARY KEY AUTOINCREMENT, "object_id" text NULL, "object_repr" varchar(200) NOT NULL, "action_flag" smallint unsigned NOT NULL CHECK ("action_flag" >= 0), "change_message" text NOT NULL, "content_type_id" integer NULL REFERENCES "django_content_type" ("id") DEFERRABLE INITIALLY DEFERRED, "user_id" integer NOT NULL REFERENCES "auth_user" ("id") DEFERRABLE INITIALLY DEFERRED, "action_time" datetime NOT NULL);
CREATE TABLE IF NOT EXISTS "django_content_type" ("id" integer NOT NULL PRIMARY KEY AUTOINCREMENT, "app_label" varchar(100) NOT NULL, "model" varchar(100) NOT NULL);
INSERT INTO django_content_type VALUES(1,'admin','logentry');
INSERT INTO django_content_type VALUES(2,'auth','permission');
INSERT INTO django_content_type VALUES(3,'auth','group');
INSERT INTO django_content_type VALUES(4,'auth','user');
INSERT INTO django_content_type VALUES(5,'contenttypes','contenttype');
INSERT INTO django_content_type VALUES(6,'sessions','session');
INSERT INTO django_content_type VALUES(7,'api','currency');
INSERT INTO django_content_type VALUES(8,'api','user');
CREATE TABLE IF NOT EXISTS "auth_permission" ("id" integer NOT NULL PRIMARY KEY AUTOINCREMENT, "content_type_id" integer NOT NULL REFERENCES "django_content_type" ("id") DEFERRABLE INITIALLY DEFERRED, "codename" varchar(100) NOT NULL, "name" varchar(255) NOT NULL);
INSERT INTO auth_permission VALUES(1,1,'add_logentry','Can add log entry');
INSERT INTO auth_permission VALUES(2,1,'change_logentry','Can change log entry');
INSERT INTO auth_permission VALUES(3,1,'delete_logentry','Can delete log entry');
INSERT INTO auth_permission VALUES(4,1,'view_logentry','Can view log entry');
INSERT INTO auth_permission VALUES(5,2,'add_permission','Can add permission');
INSERT INTO auth_permission VALUES(6,2,'change_permission','Can change permission');
INSERT INTO auth_permission VALUES(7,2,'delete_permission','Can delete permission');
INSERT INTO auth_permission VALUES(8,2,'view_permission','Can view permission');
INSERT INTO auth_permission VALUES(9,3,'add_group','Can add group');
INSERT INTO auth_permission VALUES(10,3,'change_group','Can change group');
INSERT INTO auth_permission VALUES(11,3,'delete_group','Can delete group');
INSERT INTO auth_permission VALUES(12,3,'view_group','Can view group');
INSERT INTO auth_permission VALUES(13,4,'add_user','Can add user');
INSERT INTO auth_permission VALUES(14,4,'change_user','Can change user');
INSERT INTO auth_permission VALUES(15,4,'delete_user','Can delete user');
INSERT INTO auth_permission VALUES(16,4,'view_user','Can view user');
INSERT INTO auth_permission VALUES(17,5,'add_contenttype','Can add content type');
INSERT INTO auth_permission VALUES(18,5,'change_contenttype','Can change content type');
INSERT INTO auth_permission VALUES(19,5,'delete_contenttype','Can delete content type');
INSERT INTO auth_permission VALUES(20,5,'view_contenttype','Can view content type');
INSERT INTO auth_permission VALUES(21,6,'add_session','Can add session');
INSERT INTO auth_permission VALUES(22,6,'change_session','Can change session');
INSERT INTO auth_permission VALUES(23,6,'delete_session','Can delete session');
INSERT INTO auth_permission VALUES(24,6,'view_session','Can view session');
INSERT INTO auth_permission VALUES(25,7,'add_currency','Can add currency');
INSERT INTO auth_permission VALUES(26,7,'change_currency','Can change currency');
INSERT INTO auth_permission VALUES(27,7,'delete_currency','Can delete currency');
INSERT INTO auth_permission VALUES(28,7,'view_currency','Can view currency');
INSERT INTO auth_permission VALUES(29,8,'add_user','Can add user');
INSERT INTO auth_permission VALUES(30,8,'change_user','Can change user');
INSERT INTO auth_permission VALUES(31,8,'delete_user','Can delete user');
INSERT INTO auth_permission VALUES(32,8,'view_user','Can view user');
CREATE TABLE IF NOT EXISTS "auth_group" ("id" integer NOT NULL PRIMARY KEY AUTOINCREMENT, "name" varchar(150) NOT NULL UNIQUE);
CREATE TABLE IF NOT EXISTS "auth_user" ("id" integer NOT NULL PRIMARY KEY AUTOINCREMENT, "password" varchar(128) NOT NULL, "last_login" datetime NULL, "is_superuser" bool NOT NULL, "username" varchar(150) NOT NULL UNIQUE, "last_name" varchar(150) NOT NULL, "email" varchar(254) NOT NULL, "is_staff" bool NOT NULL, "is_active" bool NOT NULL, "date_joined" datetime NOT NULL, "first_name" varchar(150) NOT NULL);
INSERT INTO auth_user VALUES(1,'pbkdf2_sha256$720000$J3z3caaszzeKe46jiTkQ1s$FzTL7wZB3L3u3rEPX4UgPIg0IMk8DKyRwWu5fB0eoxg=','2023-12-14 20:13:35.600698',1,'illowah','','alxndersaint@gmail.com',1,1,'2023-12-12 23:58:57.621937','');
CREATE TABLE IF NOT EXISTS "django_session" ("session_key" varchar(40) NOT NULL PRIMARY KEY, "session_data" text NOT NULL, "expire_date" datetime NOT NULL);
INSERT INTO django_session VALUES('vv1zob41p2u1pe84ieljymxdzi00xgwi','.eJxVjDkOwjAUBe_iGlkxXqGk5wzRX_xxANlSnFSIu0OkFNC-mXkvNcK6lHHteR4nVmdl1OF3Q6BHrhvgO9Rb09TqMk-oN0XvtOtr4_y87O7fQYFevnUMYjJmEUIcABwNBpOlEJMRkURHNicrMdvIiSy4SAjehWCQvQ8J1fsDHWk49g:1rDs5P:15CheQiSCQD0r8MldtV-2Iw4grMIOL5d-wegTvbODeE','2023-12-28 20:13:35.601984');
CREATE TABLE IF NOT EXISTS "api_currency" ("id" integer NOT NULL PRIMARY KEY AUTOINCREMENT, "name" varchar(100) NOT NULL, "symbol" varchar(10) NOT NULL, "currentRate" decimal NOT NULL);
INSERT INTO api_currency VALUES(1,'Bitcoin','BTC',43018.119999999999691);
INSERT INTO api_currency VALUES(2,'Ethereum','ETH',2295.9600000000000008);
INSERT INTO api_currency VALUES(3,'Tether USDt','USDT',1);
INSERT INTO api_currency VALUES(4,'BNB','BNB',252.38999999999998102);
INSERT INTO api_currency VALUES(5,'XRP','XRP',0.62999999999999998223);
INSERT INTO api_currency VALUES(6,'Solana','SOL',74.189999999999995949);
INSERT INTO api_currency VALUES(7,'USDC','USDC',1);
INSERT INTO api_currency VALUES(8,'Cardano','ADA',0.64000000000000003552);
INSERT INTO api_currency VALUES(9,'Avalanche','AVAX',39.030000000000001136);
INSERT INTO api_currency VALUES(10,'Dogecoin','DOGE',0.1);
INSERT INTO api_currency VALUES(11,'TRON','TRX',0.11000000000000000888);
INSERT INTO api_currency VALUES(12,'Polkadot','DOT',7.4000000000000003552);
INSERT INTO api_currency VALUES(13,'Chainlink','LINK',15.320000000000000284);
INSERT INTO api_currency VALUES(14,'Polygon','MATIC',0.86999999999999992894);
INSERT INTO api_currency VALUES(15,'Toncoin','TON',2.2099999999999999644);
INSERT INTO api_currency VALUES(16,'Shiba Inu','SHIB',0);
INSERT INTO api_currency VALUES(17,'Litecoin','LTC',72.769999999999992468);
INSERT INTO api_currency VALUES(18,'Dai','DAI',1);
INSERT INTO api_currency VALUES(19,'Bitcoin Cash','BCH',236.05000000000000426);
INSERT INTO api_currency VALUES(20,'Cosmos','ATOM',11.530000000000000248);
INSERT INTO api_currency VALUES(21,'Uniswap','UNI',6.3099999999999996092);
INSERT INTO api_currency VALUES(22,'Stellar','XLM',0.13000000000000000444);
INSERT INTO api_currency VALUES(23,'OKB','OKB',59.189999999999995949);
INSERT INTO api_currency VALUES(24,'UNUS SED LEO','LEO',3.6400000000000001243);
INSERT INTO api_currency VALUES(25,'Monero','XMR',167.94000000000000483);
INSERT INTO api_currency VALUES(26,'Ethereum Classic','ETC',20.670000000000001705);
INSERT INTO api_currency VALUES(27,'Internet Computer','ICP',6.3899999999999996802);
INSERT INTO api_currency VALUES(28,'Immutable','IMX',2.2200000000000001953);
INSERT INTO api_currency VALUES(29,'Kaspa','KAS',0.13000000000000000444);
INSERT INTO api_currency VALUES(30,'Hedera','HBAR',0.08);
INSERT INTO api_currency VALUES(31,'Injective','INJ',31.169999999999999928);
INSERT INTO api_currency VALUES(32,'Cronos','CRO',0.1);
INSERT INTO api_currency VALUES(33,'Aptos','APT',8.3399999999999998578);
INSERT INTO api_currency VALUES(34,'TrueUSD','TUSD',1);
INSERT INTO api_currency VALUES(35,'Filecoin','FIL',4.8099999999999996092);
INSERT INTO api_currency VALUES(36,'NEAR Protocol','NEAR',2.2999999999999998223);
INSERT INTO api_currency VALUES(37,'VeChain','VET',0.03);
INSERT INTO api_currency VALUES(38,'Celestia','TIA',14.009999999999999786);
INSERT INTO api_currency VALUES(39,'Lido DAO','LDO',2.3500000000000000888);
INSERT INTO api_currency VALUES(40,'Optimism','OP',2.2400000000000002131);
INSERT INTO api_currency VALUES(41,'THORChain','RUNE',5.9100000000000001421);
INSERT INTO api_currency VALUES(42,'Mantle','MNT',0.6);
INSERT INTO api_currency VALUES(43,'Algorand','ALGO',0.21000000000000000888);
INSERT INTO api_currency VALUES(44,'Render','RNDR',4.6100000000000003197);
INSERT INTO api_currency VALUES(45,'FTX Token','FTT',4.9199999999999999289);
INSERT INTO api_currency VALUES(46,'The Graph','GRT',0.17000000000000001776);
INSERT INTO api_currency VALUES(47,'MultiversX','EGLD',60.679999999999996163);
INSERT INTO api_currency VALUES(48,'Stacks','STX',1.090000000000000071);
INSERT INTO api_currency VALUES(49,'Aave','AAVE',103.69999999999999218);
INSERT INTO api_currency VALUES(50,'Arbitrum','ARB',1.1699999999999999289);
INSERT INTO api_currency VALUES(51,'First Digital USD','FDUSD',1);
INSERT INTO api_currency VALUES(52,'Quant','QNT',113.93999999999999683);
INSERT INTO api_currency VALUES(53,'ORDI','ORDI',64.349999999999996092);
INSERT INTO api_currency VALUES(54,'Synthetix','SNX',4.2999999999999998223);
INSERT INTO api_currency VALUES(55,'BUSD','BUSD',1);
INSERT INTO api_currency VALUES(56,'Maker','MKR',1355.7300000000001016);
INSERT INTO api_currency VALUES(57,'BitTorrent (New)','BTT',0);
INSERT INTO api_currency VALUES(58,'Fantom','FTM',0.42000000000000001776);
INSERT INTO api_currency VALUES(59,'Flow','FLOW',0.8);
INSERT INTO api_currency VALUES(60,'Bonk','BONK',0);
INSERT INTO api_currency VALUES(61,'Beam','BEAM',0.02);
INSERT INTO api_currency VALUES(62,'The Sandbox','SAND',0.53000000000000007105);
INSERT INTO api_currency VALUES(63,'Theta Network','THETA',1.1100000000000000976);
INSERT INTO api_currency VALUES(64,'KuCoin Token','KCS',11.499999999999999111);
INSERT INTO api_currency VALUES(65,'Terra Classic','LUNC',0);
INSERT INTO api_currency VALUES(66,'Helium','HNT',6.2599999999999997868);
INSERT INTO api_currency VALUES(67,'Bitcoin SV','BSV',49.900000000000002131);
INSERT INTO api_currency VALUES(68,'Axie Infinity','AXS',7.3899999999999996802);
INSERT INTO api_currency VALUES(69,'Decentraland','MANA',0.50999999999999996447);
INSERT INTO api_currency VALUES(70,'Tezos','XTZ',0.96999999999999992894);
INSERT INTO api_currency VALUES(71,'Neo','NEO',13.130000000000001669);
INSERT INTO api_currency VALUES(72,'IOTA','IOTA',0.29);
INSERT INTO api_currency VALUES(73,'EOS','EOS',0.79000000000000003552);
INSERT INTO api_currency VALUES(74,'Gala','GALA',0.03);
INSERT INTO api_currency VALUES(75,'Kava','KAVA',0.8100000000000001421);
INSERT INTO api_currency VALUES(76,'Klaytn','KLAY',0.25);
INSERT INTO api_currency VALUES(77,'Mina','MINA',0.8);
INSERT INTO api_currency VALUES(78,'USDD','USDD',0.99000000000000003552);
INSERT INTO api_currency VALUES(79,'Bitget Token','BGB',0.5);
INSERT INTO api_currency VALUES(80,'Frax Share','FXS',9.1500000000000003552);
INSERT INTO api_currency VALUES(81,'XDC Network','XDC',0.05);
INSERT INTO api_currency VALUES(82,'WOO Network','WOO',0.37999999999999998223);
INSERT INTO api_currency VALUES(83,'eCash','XEC',0);
INSERT INTO api_currency VALUES(84,'Sui','SUI',0.65);
INSERT INTO api_currency VALUES(85,'Conflux','CFX',0.19);
INSERT INTO api_currency VALUES(86,'Chiliz','CHZ',0.09);
INSERT INTO api_currency VALUES(87,'ApeCoin','APE',1.780000000000000071);
INSERT INTO api_currency VALUES(88,'PancakeSwap','CAKE',2.4199999999999999289);
INSERT INTO api_currency VALUES(89,'Arweave','AR',9.5999999999999996447);
INSERT INTO api_currency VALUES(90,'Oasis Network','ROSE',0.09);
INSERT INTO api_currency VALUES(91,'Terra','LUNA',1.0100000000000000088);
INSERT INTO api_currency VALUES(92,'Osmosis','OSMO',1.2199999999999999733);
INSERT INTO api_currency VALUES(93,'aelf','ELF',0.84000000000000003552);
INSERT INTO api_currency VALUES(94,'Curve DAO Token','CRV',0.64000000000000003552);
INSERT INTO api_currency VALUES(95,'Pepe','PEPE',0);
INSERT INTO api_currency VALUES(96,'Gnosis','GNO',223.1700000000000017);
INSERT INTO api_currency VALUES(97,'Rocket Pool','RPL',28.070000000000000284);
INSERT INTO api_currency VALUES(98,'Fetch.ai','FET',0.68000000000000007105);
INSERT INTO api_currency VALUES(99,'Sei','SEI',0.25);
INSERT INTO api_currency VALUES(100,'Blur','BLUR',0.46999999999999992894);
CREATE TABLE IF NOT EXISTS "api_user" ("id" integer NOT NULL PRIMARY KEY AUTOINCREMENT, "username" varchar(100) NOT NULL, "email" varchar(254) NOT NULL, "portfolio" text NOT NULL CHECK ((JSON_VALID("portfolio") OR "portfolio" IS NULL)));
DELETE FROM sqlite_sequence;
INSERT INTO sqlite_sequence VALUES('django_migrations',19);
INSERT INTO sqlite_sequence VALUES('django_admin_log',0);
INSERT INTO sqlite_sequence VALUES('django_content_type',8);
INSERT INTO sqlite_sequence VALUES('auth_permission',32);
INSERT INTO sqlite_sequence VALUES('auth_group',0);
INSERT INTO sqlite_sequence VALUES('auth_user',1);
INSERT INTO sqlite_sequence VALUES('api_currency',100);
CREATE UNIQUE INDEX "auth_group_permissions_group_id_permission_id_0cd325b0_uniq" ON "auth_group_permissions" ("group_id", "permission_id");
CREATE INDEX "auth_group_permissions_group_id_b120cbf9" ON "auth_group_permissions" ("group_id");
CREATE INDEX "auth_group_permissions_permission_id_84c5c92e" ON "auth_group_permissions" ("permission_id");
CREATE UNIQUE INDEX "auth_user_groups_user_id_group_id_94350c0c_uniq" ON "auth_user_groups" ("user_id", "group_id");
CREATE INDEX "auth_user_groups_user_id_6a12ed8b" ON "auth_user_groups" ("user_id");
CREATE INDEX "auth_user_groups_group_id_97559544" ON "auth_user_groups" ("group_id");
CREATE UNIQUE INDEX "auth_user_user_permissions_user_id_permission_id_14a6b632_uniq" ON "auth_user_user_permissions" ("user_id", "permission_id");
CREATE INDEX "auth_user_user_permissions_user_id_a95ead1b" ON "auth_user_user_permissions" ("user_id");
CREATE INDEX "auth_user_user_permissions_permission_id_1fbb5f2c" ON "auth_user_user_permissions" ("permission_id");
CREATE INDEX "django_admin_log_content_type_id_c4bce8eb" ON "django_admin_log" ("content_type_id");
CREATE INDEX "django_admin_log_user_id_c564eba6" ON "django_admin_log" ("user_id");
CREATE UNIQUE INDEX "django_content_type_app_label_model_76bd3d3b_uniq" ON "django_content_type" ("app_label", "model");
CREATE UNIQUE INDEX "auth_permission_content_type_id_codename_01ab375a_uniq" ON "auth_permission" ("content_type_id", "codename");
CREATE INDEX "auth_permission_content_type_id_2f476e4b" ON "auth_permission" ("content_type_id");
CREATE INDEX "django_session_expire_date_a5c62663" ON "django_session" ("expire_date");
COMMIT;
